time,location,customer_id
2025-04-14 07:04:00,entrance,1
2025-04-14 07:05:00,drinks,1
2025-04-14 07:06:00,checkout,1
2025-04-14 07:13:00,entrance,2
2025-04-14 07:14:00,spices,2
2025-04-14 07:15:00,spices,2
2025-04-14 07:16:00,drinks,2
2025-04-14 07:17:00,checkout,2
2025-04-14 07:23:00,entrance,3
2025-04-14 07:24:00,fruit,3
2025-04-14 07:25:00,spices,3
2025-04-14 07:26:00,spices,3
2025-04-14 07:27:00,spices,3
2025-04-14 07:28:00,checkout,3
2025-04-14 07:43:00,entrance,4
2025-04-14 07:44:00,dairy,4
2025-04-14 07:45:00,dairy,4
2025-04-14 07:46:00,dairy,4
2025-04-14 07:47:00,dairy,4
2025-04-14 07:48:00,dairy,4
2025-04-14 07:49:00,dairy,4
2025-04-14 07:50:00,dairy,4
2025-04-14 07:51:00,dairy,4
2025-04-14 07:52:00,dairy,4
2025-04-14 07:53:00,dairy,4
2025-04-14 07:54:00,spices,4
2025-04-14 07:55:00,checkout,4
2025-04-14 07:43:00,entrance,5
2025-04-14 07:44:00,spices,5
2025-04-14 07:45:00,checkout,5
2025-04-14 08:05:00,entrance,6
2025-04-14 08:06:00,spices,6
2025-04-14 08:07:00,fruit,6
2025-04-14 08:08:00,fruit,6
2025-04-14 08:09:00,fruit,6
2025-04-14 08:10:00,fruit,6
2025-04-14 08:11:00,drinks,6
2025-04-14 08:12:00,fruit,6
2025-04-14 08:13:00,fruit,6
2025-04-14 08:14:00,dairy,6
2025-04-14 08:15:00,dairy,6
2025-04-14 08:16:00,dairy,6
2025-04-14 08:17:00,spices,6
2025-04-14 08:18:00,spices,6
2025-04-14 08:19:00,spices,6
2025-04-14 08:20:00,dairy,6
2025-04-14 08:21:00,dairy,6
2025-04-14 08:22:00,spices,6
2025-04-14 08:23:00,spices,6
2025-04-14 08:24:00,spices,6
2025-04-14 08:25:00,checkout,6
2025-04-14 08:05:00,entrance,7
2025-04-14 08:06:00,spices,7
2025-04-14 08:07:00,checkout,7
2025-04-14 08:06:00,entrance,8
2025-04-14 08:07:00,fruit,8
2025-04-14 08:08:00,checkout,8
2025-04-14 08:10:00,entrance,9
2025-04-14 08:11:00,fruit,9
2025-04-14 08:12:00,dairy,9
2025-04-14 08:13:00,dairy,9
2025-04-14 08:14:00,drinks,9
2025-04-14 08:15:00,drinks,9
2025-04-14 08:16:00,drinks,9
2025-04-14 08:17:00,checkout,9
2025-04-14 08:10:00,entrance,10
2025-04-14 08:11:00,spices,10
2025-04-14 08:12:00,checkout,10
2025-04-14 08:16:00,entrance,11
2025-04-14 08:17:00,spices,11
2025-04-14 08:18:00,dairy,11
2025-04-14 08:19:00,drinks,11
2025-04-14 08:20:00,drinks,11
2025-04-14 08:21:00,fruit,11
2025-04-14 08:22:00,checkout,11
2025-04-14 08:32:00,entrance,12
2025-04-14 08:33:00,fruit,12
2025-04-14 08:34:00,checkout,12
2025-04-14 08:38:00,entrance,13
2025-04-14 08:39:00,spices,13
2025-04-14 08:40:00,spices,13
2025-04-14 08:41:00,spices,13
2025-04-14 08:42:00,dairy,13
2025-04-14 08:43:00,dairy,13
2025-04-14 08:44:00,dairy,13
2025-04-14 08:45:00,dairy,13
2025-04-14 08:46:00,dairy,13
2025-04-14 08:47:00,dairy,13
2025-04-14 08:48:00,dairy,13
2025-04-14 08:49:00,dairy,13
2025-04-14 08:50:00,checkout,13
2025-04-14 08:39:00,entrance,14
2025-04-14 08:40:00,spices,14
2025-04-14 08:41:00,spices,14
2025-04-14 08:42:00,dairy,14
2025-04-14 08:43:00,checkout,14
2025-04-14 08:46:00,entrance,15
2025-04-14 08:47:00,fruit,15
2025-04-14 08:48:00,checkout,15
2025-04-14 08:55:00,entrance,16
2025-04-14 08:56:00,fruit,16
2025-04-14 08:57:00,fruit,16
2025-04-14 08:58:00,fruit,16
2025-04-14 08:59:00,fruit,16
2025-04-14 09:00:00,fruit,16
2025-04-14 09:01:00,checkout,16
2025-04-14 08:57:00,entrance,17
2025-04-14 08:58:00,drinks,17
2025-04-14 08:59:00,fruit,17
2025-04-14 09:00:00,fruit,17
2025-04-14 09:01:00,fruit,17
2025-04-14 09:02:00,checkout,17
2025-04-14 09:02:00,entrance,18
2025-04-14 09:03:00,fruit,18
2025-04-14 09:04:00,fruit,18
2025-04-14 09:05:00,fruit,18
2025-04-14 09:06:00,fruit,18
2025-04-14 09:07:00,fruit,18
2025-04-14 09:08:00,checkout,18
2025-04-14 09:05:00,entrance,19
2025-04-14 09:06:00,fruit,19
2025-04-14 09:07:00,checkout,19
2025-04-14 09:07:00,entrance,20
2025-04-14 09:08:00,fruit,20
2025-04-14 09:09:00,fruit,20
2025-04-14 09:10:00,checkout,20
2025-04-14 09:09:00,entrance,21
2025-04-14 09:10:00,spices,21
2025-04-14 09:11:00,drinks,21
2025-04-14 09:12:00,drinks,21
2025-04-14 09:13:00,drinks,21
2025-04-14 09:14:00,spices,21
2025-04-14 09:15:00,drinks,21
2025-04-14 09:16:00,fruit,21
2025-04-14 09:17:00,fruit,21
2025-04-14 09:18:00,dairy,21
2025-04-14 09:19:00,dairy,21
2025-04-14 09:20:00,dairy,21
2025-04-14 09:21:00,dairy,21
2025-04-14 09:22:00,dairy,21
2025-04-14 09:23:00,spices,21
2025-04-14 09:24:00,spices,21
2025-04-14 09:25:00,dairy,21
2025-04-14 09:26:00,dairy,21
2025-04-14 09:27:00,dairy,21
2025-04-14 09:28:00,spices,21
2025-04-14 09:29:00,spices,21
2025-04-14 09:30:00,dairy,21
2025-04-14 09:31:00,dairy,21
2025-04-14 09:32:00,dairy,21
2025-04-14 09:33:00,dairy,21
2025-04-14 09:34:00,fruit,21
2025-04-14 09:35:00,fruit,21
2025-04-14 09:36:00,drinks,21
2025-04-14 09:37:00,spices,21
2025-04-14 09:38:00,checkout,21
2025-04-14 09:18:00,entrance,22
2025-04-14 09:19:00,drinks,22
2025-04-14 09:20:00,drinks,22
2025-04-14 09:21:00,drinks,22
2025-04-14 09:22:00,drinks,22
2025-04-14 09:23:00,spices,22
2025-04-14 09:24:00,dairy,22
2025-04-14 09:25:00,dairy,22
2025-04-14 09:26:00,dairy,22
2025-04-14 09:27:00,dairy,22
2025-04-14 09:28:00,dairy,22
2025-04-14 09:29:00,dairy,22
2025-04-14 09:30:00,dairy,22
2025-04-14 09:31:00,drinks,22
2025-04-14 09:32:00,fruit,22
2025-04-14 09:33:00,fruit,22
2025-04-14 09:34:00,checkout,22
2025-04-14 09:19:00,entrance,23
2025-04-14 09:20:00,fruit,23
2025-04-14 09:21:00,drinks,23
2025-04-14 09:22:00,spices,23
2025-04-14 09:23:00,dairy,23
2025-04-14 09:24:00,dairy,23
2025-04-14 09:25:00,dairy,23
2025-04-14 09:26:00,dairy,23
2025-04-14 09:27:00,dairy,23
2025-04-14 09:28:00,checkout,23
2025-04-14 09:19:00,entrance,24
2025-04-14 09:20:00,drinks,24
2025-04-14 09:21:00,drinks,24
2025-04-14 09:22:00,drinks,24
2025-04-14 09:23:00,checkout,24
2025-04-14 09:20:00,entrance,25
2025-04-14 09:21:00,fruit,25
2025-04-14 09:22:00,fruit,25
2025-04-14 09:23:00,fruit,25
2025-04-14 09:24:00,fruit,25
2025-04-14 09:25:00,fruit,25
2025-04-14 09:26:00,checkout,25
2025-04-14 09:31:00,entrance,26
2025-04-14 09:32:00,dairy,26
2025-04-14 09:33:00,checkout,26
2025-04-14 09:33:00,entrance,27
2025-04-14 09:34:00,spices,27
2025-04-14 09:35:00,spices,27
2025-04-14 09:36:00,spices,27
2025-04-14 09:37:00,spices,27
2025-04-14 09:38:00,spices,27
2025-04-14 09:39:00,drinks,27
2025-04-14 09:40:00,drinks,27
2025-04-14 09:41:00,drinks,27
2025-04-14 09:42:00,drinks,27
2025-04-14 09:43:00,drinks,27
2025-04-14 09:44:00,fruit,27
2025-04-14 09:45:00,fruit,27
2025-04-14 09:46:00,fruit,27
2025-04-14 09:47:00,dairy,27
2025-04-14 09:48:00,dairy,27
2025-04-14 09:49:00,dairy,27
2025-04-14 09:50:00,dairy,27
2025-04-14 09:51:00,dairy,27
2025-04-14 09:52:00,dairy,27
2025-04-14 09:53:00,fruit,27
2025-04-14 09:54:00,fruit,27
2025-04-14 09:55:00,fruit,27
2025-04-14 09:56:00,checkout,27
2025-04-14 09:34:00,entrance,28
2025-04-14 09:35:00,drinks,28
2025-04-14 09:36:00,drinks,28
2025-04-14 09:37:00,drinks,28
2025-04-14 09:38:00,drinks,28
2025-04-14 09:39:00,drinks,28
2025-04-14 09:40:00,checkout,28
2025-04-14 09:39:00,entrance,29
2025-04-14 09:40:00,fruit,29
2025-04-14 09:41:00,fruit,29
2025-04-14 09:42:00,fruit,29
2025-04-14 09:43:00,dairy,29
2025-04-14 09:44:00,dairy,29
2025-04-14 09:45:00,dairy,29
2025-04-14 09:46:00,dairy,29
2025-04-14 09:47:00,dairy,29
2025-04-14 09:48:00,dairy,29
2025-04-14 09:49:00,dairy,29
2025-04-14 09:50:00,dairy,29
2025-04-14 09:51:00,drinks,29
2025-04-14 09:52:00,drinks,29
2025-04-14 09:53:00,drinks,29
2025-04-14 09:54:00,checkout,29
2025-04-14 09:41:00,entrance,30
2025-04-14 09:42:00,fruit,30
2025-04-14 09:43:00,fruit,30
2025-04-14 09:44:00,fruit,30
2025-04-14 09:45:00,spices,30
2025-04-14 09:46:00,checkout,30
2025-04-14 09:42:00,entrance,31
2025-04-14 09:43:00,dairy,31
2025-04-14 09:44:00,dairy,31
2025-04-14 09:45:00,dairy,31
2025-04-14 09:46:00,dairy,31
2025-04-14 09:47:00,dairy,31
2025-04-14 09:48:00,dairy,31
2025-04-14 09:49:00,dairy,31
2025-04-14 09:50:00,dairy,31
2025-04-14 09:51:00,dairy,31
2025-04-14 09:52:00,checkout,31
2025-04-14 09:49:00,entrance,32
2025-04-14 09:50:00,dairy,32
2025-04-14 09:51:00,checkout,32
2025-04-14 09:50:00,entrance,33
2025-04-14 09:51:00,fruit,33
2025-04-14 09:52:00,checkout,33
2025-04-14 09:52:00,entrance,34
2025-04-14 09:53:00,spices,34
2025-04-14 09:54:00,spices,34
2025-04-14 09:55:00,drinks,34
2025-04-14 09:56:00,checkout,34
2025-04-14 09:58:00,entrance,35
2025-04-14 09:59:00,fruit,35
2025-04-14 10:00:00,fruit,35
2025-04-14 10:01:00,fruit,35
2025-04-14 10:02:00,checkout,35
2025-04-14 10:02:00,entrance,36
2025-04-14 10:03:00,spices,36
2025-04-14 10:04:00,dairy,36
2025-04-14 10:05:00,dairy,36
2025-04-14 10:06:00,dairy,36
2025-04-14 10:07:00,drinks,36
2025-04-14 10:08:00,drinks,36
2025-04-14 10:09:00,spices,36
2025-04-14 10:10:00,drinks,36
2025-04-14 10:11:00,drinks,36
2025-04-14 10:12:00,checkout,36
2025-04-14 10:06:00,entrance,37
2025-04-14 10:07:00,fruit,37
2025-04-14 10:08:00,spices,37
2025-04-14 10:09:00,fruit,37
2025-04-14 10:10:00,checkout,37
2025-04-14 10:09:00,entrance,38
2025-04-14 10:10:00,spices,38
2025-04-14 10:11:00,fruit,38
2025-04-14 10:12:00,dairy,38
2025-04-14 10:13:00,checkout,38
2025-04-14 10:18:00,entrance,39
2025-04-14 10:19:00,spices,39
2025-04-14 10:20:00,spices,39
2025-04-14 10:21:00,spices,39
2025-04-14 10:22:00,spices,39
2025-04-14 10:23:00,spices,39
2025-04-14 10:24:00,spices,39
2025-04-14 10:25:00,drinks,39
2025-04-14 10:26:00,checkout,39
2025-04-14 10:20:00,entrance,40
2025-04-14 10:21:00,spices,40
2025-04-14 10:22:00,fruit,40
2025-04-14 10:23:00,fruit,40
2025-04-14 10:24:00,dairy,40
2025-04-14 10:25:00,dairy,40
2025-04-14 10:26:00,spices,40
2025-04-14 10:27:00,dairy,40
2025-04-14 10:28:00,dairy,40
2025-04-14 10:29:00,fruit,40
2025-04-14 10:30:00,fruit,40
2025-04-14 10:31:00,fruit,40
2025-04-14 10:32:00,drinks,40
2025-04-14 10:33:00,checkout,40
2025-04-14 10:23:00,entrance,41
2025-04-14 10:24:00,fruit,41
2025-04-14 10:25:00,fruit,41
2025-04-14 10:26:00,fruit,41
2025-04-14 10:27:00,checkout,41
2025-04-14 10:27:00,entrance,42
2025-04-14 10:28:00,fruit,42
2025-04-14 10:29:00,checkout,42
2025-04-14 10:28:00,entrance,43
2025-04-14 10:29:00,spices,43
2025-04-14 10:30:00,drinks,43
2025-04-14 10:31:00,checkout,43
2025-04-14 10:34:00,entrance,44
2025-04-14 10:35:00,fruit,44
2025-04-14 10:36:00,dairy,44
2025-04-14 10:37:00,spices,44
2025-04-14 10:38:00,checkout,44
2025-04-14 10:43:00,entrance,45
2025-04-14 10:44:00,spices,45
2025-04-14 10:45:00,spices,45
2025-04-14 10:46:00,fruit,45
2025-04-14 10:47:00,fruit,45
2025-04-14 10:48:00,dairy,45
2025-04-14 10:49:00,drinks,45
2025-04-14 10:50:00,drinks,45
2025-04-14 10:51:00,checkout,45
2025-04-14 10:49:00,entrance,46
2025-04-14 10:50:00,spices,46
2025-04-14 10:51:00,checkout,46
2025-04-14 10:51:00,entrance,47
2025-04-14 10:52:00,fruit,47
2025-04-14 10:53:00,dairy,47
2025-04-14 10:54:00,dairy,47
2025-04-14 10:55:00,dairy,47
2025-04-14 10:56:00,checkout,47
2025-04-14 10:54:00,entrance,48
2025-04-14 10:55:00,spices,48
2025-04-14 10:56:00,spices,48
2025-04-14 10:57:00,spices,48
2025-04-14 10:58:00,drinks,48
2025-04-14 10:59:00,drinks,48
2025-04-14 11:00:00,drinks,48
2025-04-14 11:01:00,drinks,48
2025-04-14 11:02:00,drinks,48
2025-04-14 11:03:00,drinks,48
2025-04-14 11:04:00,checkout,48
2025-04-14 10:58:00,entrance,49
2025-04-14 10:59:00,dairy,49
2025-04-14 11:00:00,dairy,49
2025-04-14 11:01:00,dairy,49
2025-04-14 11:02:00,dairy,49
2025-04-14 11:03:00,dairy,49
2025-04-14 11:04:00,dairy,49
2025-04-14 11:05:00,dairy,49
2025-04-14 11:06:00,dairy,49
2025-04-14 11:07:00,dairy,49
2025-04-14 11:08:00,dairy,49
2025-04-14 11:09:00,dairy,49
2025-04-14 11:10:00,drinks,49
2025-04-14 11:11:00,drinks,49
2025-04-14 11:12:00,checkout,49
2025-04-14 10:59:00,entrance,50
2025-04-14 11:00:00,drinks,50
2025-04-14 11:01:00,drinks,50
2025-04-14 11:02:00,drinks,50
2025-04-14 11:03:00,drinks,50
2025-04-14 11:04:00,drinks,50
2025-04-14 11:05:00,drinks,50
2025-04-14 11:06:00,drinks,50
2025-04-14 11:07:00,dairy,50
2025-04-14 11:08:00,dairy,50
2025-04-14 11:09:00,checkout,50
2025-04-14 11:01:00,entrance,51
2025-04-14 11:02:00,spices,51
2025-04-14 11:03:00,spices,51
2025-04-14 11:04:00,spices,51
2025-04-14 11:05:00,spices,51
2025-04-14 11:06:00,spices,51
2025-04-14 11:07:00,drinks,51
2025-04-14 11:08:00,drinks,51
2025-04-14 11:09:00,checkout,51
2025-04-14 11:02:00,entrance,52
2025-04-14 11:03:00,dairy,52
2025-04-14 11:04:00,dairy,52
2025-04-14 11:05:00,dairy,52
2025-04-14 11:06:00,dairy,52
2025-04-14 11:07:00,dairy,52
2025-04-14 11:08:00,dairy,52
2025-04-14 11:09:00,fruit,52
2025-04-14 11:10:00,fruit,52
2025-04-14 11:11:00,fruit,52
2025-04-14 11:12:00,fruit,52
2025-04-14 11:13:00,spices,52
2025-04-14 11:14:00,fruit,52
2025-04-14 11:15:00,fruit,52
2025-04-14 11:16:00,checkout,52
2025-04-14 11:05:00,entrance,53
2025-04-14 11:06:00,spices,53
2025-04-14 11:07:00,spices,53
2025-04-14 11:08:00,spices,53
2025-04-14 11:09:00,spices,53
2025-04-14 11:10:00,dairy,53
2025-04-14 11:11:00,dairy,53
2025-04-14 11:12:00,dairy,53
2025-04-14 11:13:00,checkout,53
2025-04-14 11:07:00,entrance,54
2025-04-14 11:08:00,spices,54
2025-04-14 11:09:00,spices,54
2025-04-14 11:10:00,checkout,54
2025-04-14 11:19:00,entrance,55
2025-04-14 11:20:00,fruit,55
2025-04-14 11:21:00,fruit,55
2025-04-14 11:22:00,drinks,55
2025-04-14 11:23:00,checkout,55
2025-04-14 11:23:00,entrance,56
2025-04-14 11:24:00,spices,56
2025-04-14 11:25:00,spices,56
2025-04-14 11:26:00,spices,56
2025-04-14 11:27:00,dairy,56
2025-04-14 11:28:00,dairy,56
2025-04-14 11:29:00,dairy,56
2025-04-14 11:30:00,dairy,56
2025-04-14 11:31:00,dairy,56
2025-04-14 11:32:00,dairy,56
2025-04-14 11:33:00,dairy,56
2025-04-14 11:34:00,dairy,56
2025-04-14 11:35:00,dairy,56
2025-04-14 11:36:00,dairy,56
2025-04-14 11:37:00,dairy,56
2025-04-14 11:38:00,dairy,56
2025-04-14 11:39:00,dairy,56
2025-04-14 11:40:00,checkout,56
2025-04-14 11:27:00,entrance,57
2025-04-14 11:28:00,drinks,57
2025-04-14 11:29:00,drinks,57
2025-04-14 11:30:00,drinks,57
2025-04-14 11:31:00,fruit,57
2025-04-14 11:32:00,fruit,57
2025-04-14 11:33:00,checkout,57
2025-04-14 11:32:00,entrance,58
2025-04-14 11:33:00,spices,58
2025-04-14 11:34:00,dairy,58
2025-04-14 11:35:00,dairy,58
2025-04-14 11:36:00,fruit,58
2025-04-14 11:37:00,fruit,58
2025-04-14 11:38:00,fruit,58
2025-04-14 11:39:00,fruit,58
2025-04-14 11:40:00,fruit,58
2025-04-14 11:41:00,dairy,58
2025-04-14 11:42:00,dairy,58
2025-04-14 11:43:00,dairy,58
2025-04-14 11:44:00,checkout,58
2025-04-14 11:49:00,entrance,59
2025-04-14 11:50:00,dairy,59
2025-04-14 11:51:00,dairy,59
2025-04-14 11:52:00,checkout,59
2025-04-14 11:54:00,entrance,60
2025-04-14 11:55:00,fruit,60
2025-04-14 11:56:00,checkout,60
2025-04-14 12:04:00,entrance,61
2025-04-14 12:05:00,spices,61
2025-04-14 12:06:00,spices,61
2025-04-14 12:07:00,fruit,61
2025-04-14 12:08:00,fruit,61
2025-04-14 12:09:00,checkout,61
2025-04-14 12:08:00,entrance,62
2025-04-14 12:09:00,dairy,62
2025-04-14 12:10:00,dairy,62
2025-04-14 12:11:00,dairy,62
2025-04-14 12:12:00,checkout,62
2025-04-14 12:09:00,entrance,63
2025-04-14 12:10:00,spices,63
2025-04-14 12:11:00,spices,63
2025-04-14 12:12:00,fruit,63
2025-04-14 12:13:00,fruit,63
2025-04-14 12:14:00,fruit,63
2025-04-14 12:15:00,checkout,63
2025-04-14 12:11:00,entrance,64
2025-04-14 12:12:00,dairy,64
2025-04-14 12:13:00,dairy,64
2025-04-14 12:14:00,spices,64
2025-04-14 12:15:00,checkout,64
2025-04-14 12:19:00,entrance,65
2025-04-14 12:20:00,fruit,65
2025-04-14 12:21:00,fruit,65
2025-04-14 12:22:00,drinks,65
2025-04-14 12:23:00,drinks,65
2025-04-14 12:24:00,checkout,65
2025-04-14 12:20:00,entrance,66
2025-04-14 12:21:00,spices,66
2025-04-14 12:22:00,fruit,66
2025-04-14 12:23:00,checkout,66
2025-04-14 12:26:00,entrance,67
2025-04-14 12:27:00,fruit,67
2025-04-14 12:28:00,fruit,67
2025-04-14 12:29:00,fruit,67
2025-04-14 12:30:00,fruit,67
2025-04-14 12:31:00,fruit,67
2025-04-14 12:32:00,fruit,67
2025-04-14 12:33:00,fruit,67
2025-04-14 12:34:00,dairy,67
2025-04-14 12:35:00,dairy,67
2025-04-14 12:36:00,dairy,67
2025-04-14 12:37:00,dairy,67
2025-04-14 12:38:00,dairy,67
2025-04-14 12:39:00,dairy,67
2025-04-14 12:40:00,dairy,67
2025-04-14 12:41:00,dairy,67
2025-04-14 12:42:00,checkout,67
2025-04-14 12:27:00,entrance,68
2025-04-14 12:28:00,spices,68
2025-04-14 12:29:00,checkout,68
2025-04-14 12:38:00,entrance,69
2025-04-14 12:39:00,fruit,69
2025-04-14 12:40:00,fruit,69
2025-04-14 12:41:00,dairy,69
2025-04-14 12:42:00,dairy,69
2025-04-14 12:43:00,dairy,69
2025-04-14 12:44:00,dairy,69
2025-04-14 12:45:00,dairy,69
2025-04-14 12:46:00,dairy,69
2025-04-14 12:47:00,dairy,69
2025-04-14 12:48:00,fruit,69
2025-04-14 12:49:00,checkout,69
2025-04-14 12:44:00,entrance,70
2025-04-14 12:45:00,fruit,70
2025-04-14 12:46:00,spices,70
2025-04-14 12:47:00,spices,70
2025-04-14 12:48:00,spices,70
2025-04-14 12:49:00,spices,70
2025-04-14 12:50:00,drinks,70
2025-04-14 12:51:00,fruit,70
2025-04-14 12:52:00,fruit,70
2025-04-14 12:53:00,fruit,70
2025-04-14 12:54:00,fruit,70
2025-04-14 12:55:00,checkout,70
2025-04-14 12:51:00,entrance,71
2025-04-14 12:52:00,drinks,71
2025-04-14 12:53:00,checkout,71
2025-04-14 12:55:00,entrance,72
2025-04-14 12:56:00,spices,72
2025-04-14 12:57:00,fruit,72
2025-04-14 12:58:00,fruit,72
2025-04-14 12:59:00,fruit,72
2025-04-14 13:00:00,fruit,72
2025-04-14 13:01:00,fruit,72
2025-04-14 13:02:00,fruit,72
2025-04-14 13:03:00,dairy,72
2025-04-14 13:04:00,checkout,72
2025-04-14 12:55:00,entrance,73
2025-04-14 12:56:00,spices,73
2025-04-14 12:57:00,checkout,73
2025-04-14 12:56:00,entrance,74
2025-04-14 12:57:00,spices,74
2025-04-14 12:58:00,dairy,74
2025-04-14 12:59:00,drinks,74
2025-04-14 13:00:00,fruit,74
2025-04-14 13:01:00,fruit,74
2025-04-14 13:02:00,fruit,74
2025-04-14 13:03:00,fruit,74
2025-04-14 13:04:00,fruit,74
2025-04-14 13:05:00,fruit,74
2025-04-14 13:06:00,fruit,74
2025-04-14 13:07:00,fruit,74
2025-04-14 13:08:00,fruit,74
2025-04-14 13:09:00,fruit,74
2025-04-14 13:10:00,checkout,74
2025-04-14 13:01:00,entrance,75
2025-04-14 13:02:00,spices,75
2025-04-14 13:03:00,dairy,75
2025-04-14 13:04:00,dairy,75
2025-04-14 13:05:00,fruit,75
2025-04-14 13:06:00,checkout,75
2025-04-14 13:02:00,entrance,76
2025-04-14 13:03:00,fruit,76
2025-04-14 13:04:00,fruit,76
2025-04-14 13:05:00,dairy,76
2025-04-14 13:06:00,dairy,76
2025-04-14 13:07:00,fruit,76
2025-04-14 13:08:00,fruit,76
2025-04-14 13:09:00,fruit,76
2025-04-14 13:10:00,fruit,76
2025-04-14 13:11:00,fruit,76
2025-04-14 13:12:00,fruit,76
2025-04-14 13:13:00,fruit,76
2025-04-14 13:14:00,fruit,76
2025-04-14 13:15:00,fruit,76
2025-04-14 13:16:00,fruit,76
2025-04-14 13:17:00,drinks,76
2025-04-14 13:18:00,checkout,76
2025-04-14 13:03:00,entrance,77
2025-04-14 13:04:00,fruit,77
2025-04-14 13:05:00,checkout,77
2025-04-14 13:07:00,entrance,78
2025-04-14 13:08:00,dairy,78
2025-04-14 13:09:00,dairy,78
2025-04-14 13:10:00,checkout,78
2025-04-14 13:09:00,entrance,79
2025-04-14 13:10:00,fruit,79
2025-04-14 13:11:00,fruit,79
2025-04-14 13:12:00,checkout,79
2025-04-14 13:09:00,entrance,80
2025-04-14 13:10:00,dairy,80
2025-04-14 13:11:00,fruit,80
2025-04-14 13:12:00,fruit,80
2025-04-14 13:13:00,fruit,80
2025-04-14 13:14:00,fruit,80
2025-04-14 13:15:00,checkout,80
2025-04-14 13:13:00,entrance,81
2025-04-14 13:14:00,fruit,81
2025-04-14 13:15:00,fruit,81
2025-04-14 13:16:00,fruit,81
2025-04-14 13:17:00,checkout,81
2025-04-14 13:21:00,entrance,82
2025-04-14 13:22:00,spices,82
2025-04-14 13:23:00,spices,82
2025-04-14 13:24:00,checkout,82
2025-04-14 13:23:00,entrance,83
2025-04-14 13:24:00,fruit,83
2025-04-14 13:25:00,drinks,83
2025-04-14 13:26:00,drinks,83
2025-04-14 13:27:00,drinks,83
2025-04-14 13:28:00,drinks,83
2025-04-14 13:29:00,checkout,83
2025-04-14 13:23:00,entrance,84
2025-04-14 13:24:00,spices,84
2025-04-14 13:25:00,spices,84
2025-04-14 13:26:00,checkout,84
2025-04-14 13:25:00,entrance,85
2025-04-14 13:26:00,spices,85
2025-04-14 13:27:00,dairy,85
2025-04-14 13:28:00,dairy,85
2025-04-14 13:29:00,drinks,85
2025-04-14 13:30:00,drinks,85
2025-04-14 13:31:00,checkout,85
2025-04-14 13:26:00,entrance,86
2025-04-14 13:27:00,spices,86
2025-04-14 13:28:00,spices,86
2025-04-14 13:29:00,checkout,86
2025-04-14 13:26:00,entrance,87
2025-04-14 13:27:00,spices,87
2025-04-14 13:28:00,spices,87
2025-04-14 13:29:00,fruit,87
2025-04-14 13:30:00,checkout,87
2025-04-14 13:30:00,entrance,88
2025-04-14 13:31:00,spices,88
2025-04-14 13:32:00,fruit,88
2025-04-14 13:33:00,fruit,88
2025-04-14 13:34:00,fruit,88
2025-04-14 13:35:00,fruit,88
2025-04-14 13:36:00,fruit,88
2025-04-14 13:37:00,drinks,88
2025-04-14 13:38:00,drinks,88
2025-04-14 13:39:00,spices,88
2025-04-14 13:40:00,spices,88
2025-04-14 13:41:00,dairy,88
2025-04-14 13:42:00,dairy,88
2025-04-14 13:43:00,checkout,88
2025-04-14 13:31:00,entrance,89
2025-04-14 13:32:00,dairy,89
2025-04-14 13:33:00,fruit,89
2025-04-14 13:34:00,dairy,89
2025-04-14 13:35:00,dairy,89
2025-04-14 13:36:00,checkout,89
2025-04-14 13:32:00,entrance,90
2025-04-14 13:33:00,spices,90
2025-04-14 13:34:00,spices,90
2025-04-14 13:35:00,spices,90
2025-04-14 13:36:00,spices,90
2025-04-14 13:37:00,dairy,90
2025-04-14 13:38:00,checkout,90
2025-04-14 13:34:00,entrance,91
2025-04-14 13:35:00,fruit,91
2025-04-14 13:36:00,checkout,91
2025-04-14 13:37:00,entrance,92
2025-04-14 13:38:00,fruit,92
2025-04-14 13:39:00,fruit,92
2025-04-14 13:40:00,fruit,92
2025-04-14 13:41:00,checkout,92
2025-04-14 13:38:00,entrance,93
2025-04-14 13:39:00,dairy,93
2025-04-14 13:40:00,dairy,93
2025-04-14 13:41:00,dairy,93
2025-04-14 13:42:00,dairy,93
2025-04-14 13:43:00,dairy,93
2025-04-14 13:44:00,dairy,93
2025-04-14 13:45:00,drinks,93
2025-04-14 13:46:00,checkout,93
2025-04-14 13:41:00,entrance,94
2025-04-14 13:42:00,fruit,94
2025-04-14 13:43:00,checkout,94
2025-04-14 13:41:00,entrance,95
2025-04-14 13:42:00,spices,95
2025-04-14 13:43:00,fruit,95
2025-04-14 13:44:00,fruit,95
2025-04-14 13:45:00,checkout,95
2025-04-14 13:45:00,entrance,96
2025-04-14 13:46:00,spices,96
2025-04-14 13:47:00,spices,96
2025-04-14 13:48:00,spices,96
2025-04-14 13:49:00,spices,96
2025-04-14 13:50:00,checkout,96
2025-04-14 13:52:00,entrance,97
2025-04-14 13:53:00,dairy,97
2025-04-14 13:54:00,dairy,97
2025-04-14 13:55:00,fruit,97
2025-04-14 13:56:00,fruit,97
2025-04-14 13:57:00,fruit,97
2025-04-14 13:58:00,dairy,97
2025-04-14 13:59:00,dairy,97
2025-04-14 14:00:00,dairy,97
2025-04-14 14:01:00,dairy,97
2025-04-14 14:02:00,dairy,97
2025-04-14 14:03:00,spices,97
2025-04-14 14:04:00,dairy,97
2025-04-14 14:05:00,spices,97
2025-04-14 14:06:00,dairy,97
2025-04-14 14:07:00,dairy,97
2025-04-14 14:08:00,dairy,97
2025-04-14 14:09:00,dairy,97
2025-04-14 14:10:00,checkout,97
2025-04-14 13:55:00,entrance,98
2025-04-14 13:56:00,spices,98
2025-04-14 13:57:00,spices,98
2025-04-14 13:58:00,drinks,98
2025-04-14 13:59:00,dairy,98
2025-04-14 14:00:00,dairy,98
2025-04-14 14:01:00,dairy,98
2025-04-14 14:02:00,dairy,98
2025-04-14 14:03:00,dairy,98
2025-04-14 14:04:00,dairy,98
2025-04-14 14:05:00,fruit,98
2025-04-14 14:06:00,checkout,98
2025-04-14 13:57:00,entrance,99
2025-04-14 13:58:00,dairy,99
2025-04-14 13:59:00,dairy,99
2025-04-14 14:00:00,dairy,99
2025-04-14 14:01:00,dairy,99
2025-04-14 14:02:00,checkout,99
2025-04-14 14:02:00,entrance,100
2025-04-14 14:03:00,fruit,100
2025-04-14 14:04:00,fruit,100
2025-04-14 14:05:00,fruit,100
2025-04-14 14:06:00,fruit,100
2025-04-14 14:07:00,checkout,100
2025-04-14 14:05:00,entrance,101
2025-04-14 14:06:00,drinks,101
2025-04-14 14:07:00,checkout,101
2025-04-14 14:05:00,entrance,102
2025-04-14 14:06:00,drinks,102
2025-04-14 14:07:00,fruit,102
2025-04-14 14:08:00,fruit,102
2025-04-14 14:09:00,fruit,102
2025-04-14 14:10:00,checkout,102
2025-04-14 14:09:00,entrance,103
2025-04-14 14:10:00,dairy,103
2025-04-14 14:11:00,dairy,103
2025-04-14 14:12:00,dairy,103
2025-04-14 14:13:00,dairy,103
2025-04-14 14:14:00,dairy,103
2025-04-14 14:15:00,dairy,103
2025-04-14 14:16:00,spices,103
2025-04-14 14:17:00,drinks,103
2025-04-14 14:18:00,drinks,103
2025-04-14 14:19:00,checkout,103
2025-04-14 14:10:00,entrance,104
2025-04-14 14:11:00,spices,104
2025-04-14 14:12:00,spices,104
2025-04-14 14:13:00,checkout,104
2025-04-14 14:11:00,entrance,105
2025-04-14 14:12:00,drinks,105
2025-04-14 14:13:00,drinks,105
2025-04-14 14:14:00,checkout,105
2025-04-14 14:14:00,entrance,106
2025-04-14 14:15:00,drinks,106
2025-04-14 14:16:00,fruit,106
2025-04-14 14:17:00,fruit,106
2025-04-14 14:18:00,fruit,106
2025-04-14 14:19:00,checkout,106
2025-04-14 14:14:00,entrance,107
2025-04-14 14:15:00,spices,107
2025-04-14 14:16:00,checkout,107
2025-04-14 14:16:00,entrance,108
2025-04-14 14:17:00,spices,108
2025-04-14 14:18:00,spices,108
2025-04-14 14:19:00,spices,108
2025-04-14 14:20:00,spices,108
2025-04-14 14:21:00,spices,108
2025-04-14 14:22:00,spices,108
2025-04-14 14:23:00,drinks,108
2025-04-14 14:24:00,drinks,108
2025-04-14 14:25:00,drinks,108
2025-04-14 14:26:00,drinks,108
2025-04-14 14:27:00,drinks,108
2025-04-14 14:28:00,fruit,108
2025-04-14 14:29:00,fruit,108
2025-04-14 14:30:00,dairy,108
2025-04-14 14:31:00,dairy,108
2025-04-14 14:32:00,dairy,108
2025-04-14 14:33:00,dairy,108
2025-04-14 14:34:00,dairy,108
2025-04-14 14:35:00,dairy,108
2025-04-14 14:36:00,dairy,108
2025-04-14 14:37:00,dairy,108
2025-04-14 14:38:00,drinks,108
2025-04-14 14:39:00,drinks,108
2025-04-14 14:40:00,checkout,108
2025-04-14 14:17:00,entrance,109
2025-04-14 14:18:00,fruit,109
2025-04-14 14:19:00,checkout,109
2025-04-14 14:25:00,entrance,110
2025-04-14 14:26:00,fruit,110
2025-04-14 14:27:00,checkout,110
2025-04-14 14:25:00,entrance,111
2025-04-14 14:26:00,spices,111
2025-04-14 14:27:00,spices,111
2025-04-14 14:28:00,checkout,111
2025-04-14 14:25:00,entrance,112
2025-04-14 14:26:00,drinks,112
2025-04-14 14:27:00,drinks,112
2025-04-14 14:28:00,spices,112
2025-04-14 14:29:00,checkout,112
2025-04-14 14:27:00,entrance,113
2025-04-14 14:28:00,spices,113
2025-04-14 14:29:00,spices,113
2025-04-14 14:30:00,spices,113
2025-04-14 14:31:00,spices,113
2025-04-14 14:32:00,drinks,113
2025-04-14 14:33:00,checkout,113
2025-04-14 14:27:00,entrance,114
2025-04-14 14:28:00,drinks,114
2025-04-14 14:29:00,drinks,114
2025-04-14 14:30:00,drinks,114
2025-04-14 14:31:00,checkout,114
2025-04-14 14:28:00,entrance,115
2025-04-14 14:29:00,dairy,115
2025-04-14 14:30:00,dairy,115
2025-04-14 14:31:00,checkout,115
2025-04-14 14:30:00,entrance,116
2025-04-14 14:31:00,fruit,116
2025-04-14 14:32:00,fruit,116
2025-04-14 14:33:00,fruit,116
2025-04-14 14:34:00,dairy,116
2025-04-14 14:35:00,dairy,116
2025-04-14 14:36:00,dairy,116
2025-04-14 14:37:00,drinks,116
2025-04-14 14:38:00,fruit,116
2025-04-14 14:39:00,fruit,116
2025-04-14 14:40:00,dairy,116
2025-04-14 14:41:00,dairy,116
2025-04-14 14:42:00,dairy,116
2025-04-14 14:43:00,dairy,116
2025-04-14 14:44:00,checkout,116
2025-04-14 14:32:00,entrance,117
2025-04-14 14:33:00,spices,117
2025-04-14 14:34:00,spices,117
2025-04-14 14:35:00,spices,117
2025-04-14 14:36:00,spices,117
2025-04-14 14:37:00,spices,117
2025-04-14 14:38:00,dairy,117
2025-04-14 14:39:00,dairy,117
2025-04-14 14:40:00,dairy,117
2025-04-14 14:41:00,dairy,117
2025-04-14 14:42:00,fruit,117
2025-04-14 14:43:00,fruit,117
2025-04-14 14:44:00,fruit,117
2025-04-14 14:45:00,fruit,117
2025-04-14 14:46:00,dairy,117
2025-04-14 14:47:00,checkout,117
2025-04-14 14:35:00,entrance,118
2025-04-14 14:36:00,spices,118
2025-04-14 14:37:00,drinks,118
2025-04-14 14:38:00,drinks,118
2025-04-14 14:39:00,drinks,118
2025-04-14 14:40:00,drinks,118
2025-04-14 14:41:00,drinks,118
2025-04-14 14:42:00,checkout,118
2025-04-14 14:35:00,entrance,119
2025-04-14 14:36:00,spices,119
2025-04-14 14:37:00,drinks,119
2025-04-14 14:38:00,fruit,119
2025-04-14 14:39:00,dairy,119
2025-04-14 14:40:00,dairy,119
2025-04-14 14:41:00,dairy,119
2025-04-14 14:42:00,spices,119
2025-04-14 14:43:00,drinks,119
2025-04-14 14:44:00,fruit,119
2025-04-14 14:45:00,checkout,119
2025-04-14 14:38:00,entrance,120
2025-04-14 14:39:00,fruit,120
2025-04-14 14:40:00,drinks,120
2025-04-14 14:41:00,checkout,120
2025-04-14 14:39:00,entrance,121
2025-04-14 14:40:00,fruit,121
2025-04-14 14:41:00,fruit,121
2025-04-14 14:42:00,drinks,121
2025-04-14 14:43:00,drinks,121
2025-04-14 14:44:00,checkout,121
2025-04-14 14:45:00,entrance,122
2025-04-14 14:46:00,spices,122
2025-04-14 14:47:00,spices,122
2025-04-14 14:48:00,dairy,122
2025-04-14 14:49:00,checkout,122
2025-04-14 14:45:00,entrance,123
2025-04-14 14:46:00,spices,123
2025-04-14 14:47:00,dairy,123
2025-04-14 14:48:00,dairy,123
2025-04-14 14:49:00,dairy,123
2025-04-14 14:50:00,dairy,123
2025-04-14 14:51:00,dairy,123
2025-04-14 14:52:00,dairy,123
2025-04-14 14:53:00,dairy,123
2025-04-14 14:54:00,spices,123
2025-04-14 14:55:00,drinks,123
2025-04-14 14:56:00,drinks,123
2025-04-14 14:57:00,drinks,123
2025-04-14 14:58:00,checkout,123
2025-04-14 14:48:00,entrance,124
2025-04-14 14:49:00,dairy,124
2025-04-14 14:50:00,dairy,124
2025-04-14 14:51:00,dairy,124
2025-04-14 14:52:00,dairy,124
2025-04-14 14:53:00,dairy,124
2025-04-14 14:54:00,dairy,124
2025-04-14 14:55:00,checkout,124
2025-04-14 14:48:00,entrance,125
2025-04-14 14:49:00,fruit,125
2025-04-14 14:50:00,fruit,125
2025-04-14 14:51:00,fruit,125
2025-04-14 14:52:00,checkout,125
2025-04-14 14:48:00,entrance,126
2025-04-14 14:49:00,fruit,126
2025-04-14 14:50:00,dairy,126
2025-04-14 14:51:00,dairy,126
2025-04-14 14:52:00,dairy,126
2025-04-14 14:53:00,dairy,126
2025-04-14 14:54:00,dairy,126
2025-04-14 14:55:00,fruit,126
2025-04-14 14:56:00,checkout,126
2025-04-14 14:50:00,entrance,127
2025-04-14 14:51:00,spices,127
2025-04-14 14:52:00,spices,127
2025-04-14 14:53:00,checkout,127
2025-04-14 14:56:00,entrance,128
2025-04-14 14:57:00,dairy,128
2025-04-14 14:58:00,spices,128
2025-04-14 14:59:00,fruit,128
2025-04-14 15:00:00,drinks,128
2025-04-14 15:01:00,drinks,128
2025-04-14 15:02:00,drinks,128
2025-04-14 15:03:00,drinks,128
2025-04-14 15:04:00,drinks,128
2025-04-14 15:05:00,drinks,128
2025-04-14 15:06:00,drinks,128
2025-04-14 15:07:00,drinks,128
2025-04-14 15:08:00,drinks,128
2025-04-14 15:09:00,drinks,128
2025-04-14 15:10:00,drinks,128
2025-04-14 15:11:00,spices,128
2025-04-14 15:12:00,fruit,128
2025-04-14 15:13:00,drinks,128
2025-04-14 15:14:00,fruit,128
2025-04-14 15:15:00,fruit,128
2025-04-14 15:16:00,checkout,128
2025-04-14 14:57:00,entrance,129
2025-04-14 14:58:00,drinks,129
2025-04-14 14:59:00,drinks,129
2025-04-14 15:00:00,drinks,129
2025-04-14 15:01:00,checkout,129
2025-04-14 15:00:00,entrance,130
2025-04-14 15:01:00,drinks,130
2025-04-14 15:02:00,fruit,130
2025-04-14 15:03:00,checkout,130
2025-04-14 15:03:00,entrance,131
2025-04-14 15:04:00,fruit,131
2025-04-14 15:05:00,drinks,131
2025-04-14 15:06:00,checkout,131
2025-04-14 15:03:00,entrance,132
2025-04-14 15:04:00,spices,132
2025-04-14 15:05:00,checkout,132
2025-04-14 15:04:00,entrance,133
2025-04-14 15:05:00,fruit,133
2025-04-14 15:06:00,fruit,133
2025-04-14 15:07:00,fruit,133
2025-04-14 15:08:00,dairy,133
2025-04-14 15:09:00,drinks,133
2025-04-14 15:10:00,checkout,133
2025-04-14 15:05:00,entrance,134
2025-04-14 15:06:00,spices,134
2025-04-14 15:07:00,checkout,134
2025-04-14 15:06:00,entrance,135
2025-04-14 15:07:00,spices,135
2025-04-14 15:08:00,dairy,135
2025-04-14 15:09:00,dairy,135
2025-04-14 15:10:00,spices,135
2025-04-14 15:11:00,spices,135
2025-04-14 15:12:00,checkout,135
2025-04-14 15:07:00,entrance,136
2025-04-14 15:08:00,spices,136
2025-04-14 15:09:00,checkout,136
2025-04-14 15:12:00,entrance,137
2025-04-14 15:13:00,spices,137
2025-04-14 15:14:00,spices,137
2025-04-14 15:15:00,dairy,137
2025-04-14 15:16:00,dairy,137
2025-04-14 15:17:00,dairy,137
2025-04-14 15:18:00,spices,137
2025-04-14 15:19:00,spices,137
2025-04-14 15:20:00,checkout,137
2025-04-14 15:17:00,entrance,138
2025-04-14 15:18:00,spices,138
2025-04-14 15:19:00,checkout,138
2025-04-14 15:18:00,entrance,139
2025-04-14 15:19:00,dairy,139
2025-04-14 15:20:00,dairy,139
2025-04-14 15:21:00,fruit,139
2025-04-14 15:22:00,fruit,139
2025-04-14 15:23:00,fruit,139
2025-04-14 15:24:00,dairy,139
2025-04-14 15:25:00,dairy,139
2025-04-14 15:26:00,dairy,139
2025-04-14 15:27:00,checkout,139
2025-04-14 15:22:00,entrance,140
2025-04-14 15:23:00,spices,140
2025-04-14 15:24:00,dairy,140
2025-04-14 15:25:00,checkout,140
2025-04-14 15:23:00,entrance,141
2025-04-14 15:24:00,drinks,141
2025-04-14 15:25:00,drinks,141
2025-04-14 15:26:00,spices,141
2025-04-14 15:27:00,checkout,141
2025-04-14 15:25:00,entrance,142
2025-04-14 15:26:00,spices,142
2025-04-14 15:27:00,dairy,142
2025-04-14 15:28:00,dairy,142
2025-04-14 15:29:00,dairy,142
2025-04-14 15:30:00,dairy,142
2025-04-14 15:31:00,dairy,142
2025-04-14 15:32:00,dairy,142
2025-04-14 15:33:00,spices,142
2025-04-14 15:34:00,spices,142
2025-04-14 15:35:00,spices,142
2025-04-14 15:36:00,spices,142
2025-04-14 15:37:00,drinks,142
2025-04-14 15:38:00,drinks,142
2025-04-14 15:39:00,drinks,142
2025-04-14 15:40:00,drinks,142
2025-04-14 15:41:00,spices,142
2025-04-14 15:42:00,spices,142
2025-04-14 15:43:00,spices,142
2025-04-14 15:44:00,spices,142
2025-04-14 15:45:00,drinks,142
2025-04-14 15:46:00,checkout,142
2025-04-14 15:25:00,entrance,143
2025-04-14 15:26:00,fruit,143
2025-04-14 15:27:00,dairy,143
2025-04-14 15:28:00,dairy,143
2025-04-14 15:29:00,dairy,143
2025-04-14 15:30:00,dairy,143
2025-04-14 15:31:00,checkout,143
2025-04-14 15:34:00,entrance,144
2025-04-14 15:35:00,spices,144
2025-04-14 15:36:00,fruit,144
2025-04-14 15:37:00,fruit,144
2025-04-14 15:38:00,checkout,144
2025-04-14 15:40:00,entrance,145
2025-04-14 15:41:00,spices,145
2025-04-14 15:42:00,spices,145
2025-04-14 15:43:00,drinks,145
2025-04-14 15:44:00,spices,145
2025-04-14 15:45:00,spices,145
2025-04-14 15:46:00,drinks,145
2025-04-14 15:47:00,drinks,145
2025-04-14 15:48:00,drinks,145
2025-04-14 15:49:00,checkout,145
2025-04-14 15:41:00,entrance,146
2025-04-14 15:42:00,fruit,146
2025-04-14 15:43:00,fruit,146
2025-04-14 15:44:00,dairy,146
2025-04-14 15:45:00,dairy,146
2025-04-14 15:46:00,spices,146
2025-04-14 15:47:00,dairy,146
2025-04-14 15:48:00,drinks,146
2025-04-14 15:49:00,drinks,146
2025-04-14 15:50:00,drinks,146
2025-04-14 15:51:00,drinks,146
2025-04-14 15:52:00,checkout,146
2025-04-14 15:42:00,entrance,147
2025-04-14 15:43:00,fruit,147
2025-04-14 15:44:00,dairy,147
2025-04-14 15:45:00,dairy,147
2025-04-14 15:46:00,dairy,147
2025-04-14 15:47:00,dairy,147
2025-04-14 15:48:00,dairy,147
2025-04-14 15:49:00,dairy,147
2025-04-14 15:50:00,dairy,147
2025-04-14 15:51:00,fruit,147
2025-04-14 15:52:00,fruit,147
2025-04-14 15:53:00,fruit,147
2025-04-14 15:54:00,fruit,147
2025-04-14 15:55:00,dairy,147
2025-04-14 15:56:00,dairy,147
2025-04-14 15:57:00,dairy,147
2025-04-14 15:58:00,dairy,147
2025-04-14 15:59:00,dairy,147
2025-04-14 16:00:00,drinks,147
2025-04-14 16:01:00,drinks,147
2025-04-14 16:02:00,drinks,147
2025-04-14 16:03:00,checkout,147
2025-04-14 15:44:00,entrance,148
2025-04-14 15:45:00,dairy,148
2025-04-14 15:46:00,drinks,148
2025-04-14 15:47:00,spices,148
2025-04-14 15:48:00,drinks,148
2025-04-14 15:49:00,checkout,148
2025-04-14 15:44:00,entrance,149
2025-04-14 15:45:00,dairy,149
2025-04-14 15:46:00,dairy,149
2025-04-14 15:47:00,dairy,149
2025-04-14 15:48:00,spices,149
2025-04-14 15:49:00,spices,149
2025-04-14 15:50:00,drinks,149
2025-04-14 15:51:00,drinks,149
2025-04-14 15:52:00,checkout,149
2025-04-14 15:47:00,entrance,150
2025-04-14 15:48:00,spices,150
2025-04-14 15:49:00,spices,150
2025-04-14 15:50:00,dairy,150
2025-04-14 15:51:00,fruit,150
2025-04-14 15:52:00,fruit,150
2025-04-14 15:53:00,checkout,150
2025-04-14 15:47:00,entrance,151
2025-04-14 15:48:00,fruit,151
2025-04-14 15:49:00,fruit,151
2025-04-14 15:50:00,checkout,151
2025-04-14 15:47:00,entrance,152
2025-04-14 15:48:00,fruit,152
2025-04-14 15:49:00,fruit,152
2025-04-14 15:50:00,fruit,152
2025-04-14 15:51:00,drinks,152
2025-04-14 15:52:00,drinks,152
2025-04-14 15:53:00,drinks,152
2025-04-14 15:54:00,drinks,152
2025-04-14 15:55:00,drinks,152
2025-04-14 15:56:00,checkout,152
2025-04-14 15:48:00,entrance,153
2025-04-14 15:49:00,spices,153
2025-04-14 15:50:00,checkout,153
2025-04-14 16:02:00,entrance,154
2025-04-14 16:03:00,spices,154
2025-04-14 16:04:00,spices,154
2025-04-14 16:05:00,fruit,154
2025-04-14 16:06:00,checkout,154
2025-04-14 16:03:00,entrance,155
2025-04-14 16:04:00,drinks,155
2025-04-14 16:05:00,drinks,155
2025-04-14 16:06:00,spices,155
2025-04-14 16:07:00,spices,155
2025-04-14 16:08:00,spices,155
2025-04-14 16:09:00,spices,155
2025-04-14 16:10:00,dairy,155
2025-04-14 16:11:00,dairy,155
2025-04-14 16:12:00,dairy,155
2025-04-14 16:13:00,dairy,155
2025-04-14 16:14:00,dairy,155
2025-04-14 16:15:00,dairy,155
2025-04-14 16:16:00,spices,155
2025-04-14 16:17:00,spices,155
2025-04-14 16:18:00,spices,155
2025-04-14 16:19:00,fruit,155
2025-04-14 16:20:00,checkout,155
2025-04-14 16:04:00,entrance,156
2025-04-14 16:05:00,spices,156
2025-04-14 16:06:00,drinks,156
2025-04-14 16:07:00,drinks,156
2025-04-14 16:08:00,drinks,156
2025-04-14 16:09:00,drinks,156
2025-04-14 16:10:00,fruit,156
2025-04-14 16:11:00,dairy,156
2025-04-14 16:12:00,dairy,156
2025-04-14 16:13:00,dairy,156
2025-04-14 16:14:00,dairy,156
2025-04-14 16:15:00,dairy,156
2025-04-14 16:16:00,dairy,156
2025-04-14 16:17:00,fruit,156
2025-04-14 16:18:00,fruit,156
2025-04-14 16:19:00,fruit,156
2025-04-14 16:20:00,checkout,156
2025-04-14 16:12:00,entrance,157
2025-04-14 16:13:00,fruit,157
2025-04-14 16:14:00,fruit,157
2025-04-14 16:15:00,checkout,157
2025-04-14 16:12:00,entrance,158
2025-04-14 16:13:00,spices,158
2025-04-14 16:14:00,spices,158
2025-04-14 16:15:00,checkout,158
2025-04-14 16:16:00,entrance,159
2025-04-14 16:17:00,spices,159
2025-04-14 16:18:00,spices,159
2025-04-14 16:19:00,spices,159
2025-04-14 16:20:00,spices,159
2025-04-14 16:21:00,spices,159
2025-04-14 16:22:00,dairy,159
2025-04-14 16:23:00,dairy,159
2025-04-14 16:24:00,dairy,159
2025-04-14 16:25:00,dairy,159
2025-04-14 16:26:00,dairy,159
2025-04-14 16:27:00,dairy,159
2025-04-14 16:28:00,dairy,159
2025-04-14 16:29:00,fruit,159
2025-04-14 16:30:00,fruit,159
2025-04-14 16:31:00,fruit,159
2025-04-14 16:32:00,checkout,159
2025-04-14 16:16:00,entrance,160
2025-04-14 16:17:00,spices,160
2025-04-14 16:18:00,dairy,160
2025-04-14 16:19:00,dairy,160
2025-04-14 16:20:00,checkout,160
2025-04-14 16:22:00,entrance,161
2025-04-14 16:23:00,spices,161
2025-04-14 16:24:00,fruit,161
2025-04-14 16:25:00,checkout,161
2025-04-14 16:23:00,entrance,162
2025-04-14 16:24:00,fruit,162
2025-04-14 16:25:00,fruit,162
2025-04-14 16:26:00,fruit,162
2025-04-14 16:27:00,fruit,162
2025-04-14 16:28:00,checkout,162
2025-04-14 16:30:00,entrance,163
2025-04-14 16:31:00,spices,163
2025-04-14 16:32:00,spices,163
2025-04-14 16:33:00,spices,163
2025-04-14 16:34:00,drinks,163
2025-04-14 16:35:00,spices,163
2025-04-14 16:36:00,checkout,163
2025-04-14 16:33:00,entrance,164
2025-04-14 16:34:00,fruit,164
2025-04-14 16:35:00,drinks,164
2025-04-14 16:36:00,checkout,164
2025-04-14 16:37:00,entrance,165
2025-04-14 16:38:00,spices,165
2025-04-14 16:39:00,dairy,165
2025-04-14 16:40:00,dairy,165
2025-04-14 16:41:00,fruit,165
2025-04-14 16:42:00,fruit,165
2025-04-14 16:43:00,fruit,165
2025-04-14 16:44:00,fruit,165
2025-04-14 16:45:00,drinks,165
2025-04-14 16:46:00,drinks,165
2025-04-14 16:47:00,drinks,165
2025-04-14 16:48:00,drinks,165
2025-04-14 16:49:00,drinks,165
2025-04-14 16:50:00,drinks,165
2025-04-14 16:51:00,spices,165
2025-04-14 16:52:00,fruit,165
2025-04-14 16:53:00,fruit,165
2025-04-14 16:54:00,fruit,165
2025-04-14 16:55:00,fruit,165
2025-04-14 16:56:00,drinks,165
2025-04-14 16:57:00,drinks,165
2025-04-14 16:58:00,spices,165
2025-04-14 16:59:00,checkout,165
2025-04-14 16:41:00,entrance,166
2025-04-14 16:42:00,fruit,166
2025-04-14 16:43:00,checkout,166
2025-04-14 16:44:00,entrance,167
2025-04-14 16:45:00,dairy,167
2025-04-14 16:46:00,checkout,167
2025-04-14 16:50:00,entrance,168
2025-04-14 16:51:00,drinks,168
2025-04-14 16:52:00,spices,168
2025-04-14 16:53:00,dairy,168
2025-04-14 16:54:00,spices,168
2025-04-14 16:55:00,checkout,168
2025-04-14 16:56:00,entrance,169
2025-04-14 16:57:00,spices,169
2025-04-14 16:58:00,drinks,169
2025-04-14 16:59:00,drinks,169
2025-04-14 17:00:00,drinks,169
2025-04-14 17:01:00,drinks,169
2025-04-14 17:02:00,drinks,169
2025-04-14 17:03:00,drinks,169
2025-04-14 17:04:00,drinks,169
2025-04-14 17:05:00,checkout,169
2025-04-14 17:02:00,entrance,170
2025-04-14 17:03:00,spices,170
2025-04-14 17:04:00,spices,170
2025-04-14 17:05:00,spices,170
2025-04-14 17:06:00,drinks,170
2025-04-14 17:07:00,fruit,170
2025-04-14 17:08:00,spices,170
2025-04-14 17:09:00,checkout,170
2025-04-14 17:12:00,entrance,171
2025-04-14 17:13:00,fruit,171
2025-04-14 17:14:00,checkout,171
2025-04-14 17:16:00,entrance,172
2025-04-14 17:17:00,spices,172
2025-04-14 17:18:00,checkout,172
2025-04-14 17:18:00,entrance,173
2025-04-14 17:19:00,dairy,173
2025-04-14 17:20:00,dairy,173
2025-04-14 17:21:00,fruit,173
2025-04-14 17:22:00,checkout,173
2025-04-14 17:19:00,entrance,174
2025-04-14 17:20:00,fruit,174
2025-04-14 17:21:00,dairy,174
2025-04-14 17:22:00,fruit,174
2025-04-14 17:23:00,checkout,174
2025-04-14 17:25:00,entrance,175
2025-04-14 17:26:00,spices,175
2025-04-14 17:27:00,checkout,175
2025-04-14 17:26:00,entrance,176
2025-04-14 17:27:00,fruit,176
2025-04-14 17:28:00,fruit,176
2025-04-14 17:29:00,checkout,176
2025-04-14 17:44:00,entrance,177
2025-04-14 17:45:00,spices,177
2025-04-14 17:46:00,drinks,177
2025-04-14 17:47:00,drinks,177
2025-04-14 17:48:00,fruit,177
2025-04-14 17:49:00,dairy,177
2025-04-14 17:50:00,dairy,177
2025-04-14 17:51:00,drinks,177
2025-04-14 17:52:00,drinks,177
2025-04-14 17:53:00,drinks,177
2025-04-14 17:54:00,fruit,177
2025-04-14 17:55:00,fruit,177
2025-04-14 17:56:00,dairy,177
2025-04-14 17:57:00,dairy,177
2025-04-14 17:58:00,drinks,177
2025-04-14 17:59:00,fruit,177
2025-04-14 18:00:00,checkout,177
2025-04-14 17:49:00,entrance,178
2025-04-14 17:50:00,spices,178
2025-04-14 17:51:00,spices,178
2025-04-14 17:52:00,spices,178
2025-04-14 17:53:00,spices,178
2025-04-14 17:54:00,spices,178
2025-04-14 17:55:00,drinks,178
2025-04-14 17:56:00,drinks,178
2025-04-14 17:57:00,drinks,178
2025-04-14 17:58:00,spices,178
2025-04-14 17:59:00,drinks,178
2025-04-14 18:00:00,fruit,178
2025-04-14 18:01:00,fruit,178
2025-04-14 18:02:00,fruit,178
2025-04-14 18:03:00,fruit,178
2025-04-14 18:04:00,fruit,178
2025-04-14 18:05:00,dairy,178
2025-04-14 18:06:00,dairy,178
2025-04-14 18:07:00,dairy,178
2025-04-14 18:08:00,dairy,178
2025-04-14 18:09:00,dairy,178
2025-04-14 18:10:00,dairy,178
2025-04-14 18:11:00,fruit,178
2025-04-14 18:12:00,fruit,178
2025-04-14 18:13:00,dairy,178
2025-04-14 18:14:00,dairy,178
2025-04-14 18:15:00,fruit,178
2025-04-14 18:16:00,fruit,178
2025-04-14 18:17:00,checkout,178
2025-04-14 17:50:00,entrance,179
2025-04-14 17:51:00,spices,179
2025-04-14 17:52:00,spices,179
2025-04-14 17:53:00,fruit,179
2025-04-14 17:54:00,spices,179
2025-04-14 17:55:00,drinks,179
2025-04-14 17:56:00,checkout,179
2025-04-14 18:06:00,entrance,180
2025-04-14 18:07:00,spices,180
2025-04-14 18:08:00,spices,180
2025-04-14 18:09:00,spices,180
2025-04-14 18:10:00,spices,180
2025-04-14 18:11:00,dairy,180
2025-04-14 18:12:00,dairy,180
2025-04-14 18:13:00,dairy,180
2025-04-14 18:14:00,dairy,180
2025-04-14 18:15:00,checkout,180
2025-04-14 18:24:00,entrance,181
2025-04-14 18:25:00,drinks,181
2025-04-14 18:26:00,drinks,181
2025-04-14 18:27:00,checkout,181
2025-04-14 18:32:00,entrance,182
2025-04-14 18:33:00,spices,182
2025-04-14 18:34:00,drinks,182
2025-04-14 18:35:00,spices,182
2025-04-14 18:36:00,dairy,182
2025-04-14 18:37:00,fruit,182
2025-04-14 18:38:00,fruit,182
2025-04-14 18:39:00,dairy,182
2025-04-14 18:40:00,dairy,182
2025-04-14 18:41:00,dairy,182
2025-04-14 18:42:00,fruit,182
2025-04-14 18:43:00,fruit,182
2025-04-14 18:44:00,fruit,182
2025-04-14 18:45:00,dairy,182
2025-04-14 18:46:00,dairy,182
2025-04-14 18:47:00,drinks,182
2025-04-14 18:48:00,drinks,182
2025-04-14 18:49:00,fruit,182
2025-04-14 18:50:00,checkout,182
2025-04-14 18:33:00,entrance,183
2025-04-14 18:34:00,fruit,183
2025-04-14 18:35:00,spices,183
2025-04-14 18:36:00,spices,183
2025-04-14 18:37:00,checkout,183
2025-04-14 18:35:00,entrance,184
2025-04-14 18:36:00,dairy,184
2025-04-14 18:37:00,fruit,184
2025-04-14 18:38:00,checkout,184
2025-04-14 18:44:00,entrance,185
2025-04-14 18:45:00,drinks,185
2025-04-14 18:46:00,drinks,185
2025-04-14 18:47:00,drinks,185
2025-04-14 18:48:00,fruit,185
2025-04-14 18:49:00,checkout,185
2025-04-14 18:46:00,entrance,186
2025-04-14 18:47:00,spices,186
2025-04-14 18:48:00,spices,186
2025-04-14 18:49:00,drinks,186
2025-04-14 18:50:00,drinks,186
2025-04-14 18:51:00,drinks,186
2025-04-14 18:52:00,drinks,186
2025-04-14 18:53:00,drinks,186
2025-04-14 18:54:00,fruit,186
2025-04-14 18:55:00,spices,186
2025-04-14 18:56:00,spices,186
2025-04-14 18:57:00,fruit,186
2025-04-14 18:58:00,checkout,186
2025-04-14 18:47:00,entrance,187
2025-04-14 18:48:00,spices,187
2025-04-14 18:49:00,dairy,187
2025-04-14 18:50:00,checkout,187
2025-04-14 19:20:00,entrance,188
2025-04-14 19:21:00,drinks,188
2025-04-14 19:22:00,drinks,188
2025-04-14 19:23:00,spices,188
2025-04-14 19:24:00,spices,188
2025-04-14 19:25:00,spices,188
2025-04-14 19:26:00,spices,188
2025-04-14 19:27:00,spices,188
2025-04-14 19:28:00,spices,188
2025-04-14 19:29:00,dairy,188
2025-04-14 19:30:00,fruit,188
2025-04-14 19:31:00,drinks,188
2025-04-14 19:32:00,drinks,188
2025-04-14 19:33:00,drinks,188
2025-04-14 19:34:00,drinks,188
2025-04-14 19:35:00,drinks,188
2025-04-14 19:36:00,fruit,188
2025-04-14 19:37:00,spices,188
2025-04-14 19:38:00,spices,188
2025-04-14 19:39:00,spices,188
2025-04-14 19:40:00,drinks,188
2025-04-14 19:41:00,spices,188
2025-04-14 19:42:00,spices,188
2025-04-14 19:43:00,spices,188
2025-04-14 19:44:00,dairy,188
2025-04-14 19:45:00,dairy,188
2025-04-14 19:46:00,dairy,188
2025-04-14 19:47:00,dairy,188
2025-04-14 19:48:00,dairy,188
2025-04-14 19:49:00,fruit,188
2025-04-14 19:50:00,dairy,188
2025-04-14 19:51:00,dairy,188
2025-04-14 19:52:00,dairy,188
2025-04-14 19:53:00,dairy,188
2025-04-14 19:54:00,spices,188
2025-04-14 19:55:00,dairy,188
2025-04-14 19:56:00,dairy,188
2025-04-14 19:57:00,dairy,188
2025-04-14 19:58:00,dairy,188
2025-04-14 19:59:00,checkout,188
2025-04-14 19:20:00,entrance,189
2025-04-14 19:21:00,spices,189
2025-04-14 19:22:00,spices,189
2025-04-14 19:23:00,checkout,189
2025-04-14 19:28:00,entrance,190
2025-04-14 19:29:00,fruit,190
2025-04-14 19:30:00,fruit,190
2025-04-14 19:31:00,dairy,190
2025-04-14 19:32:00,dairy,190
2025-04-14 19:33:00,dairy,190
2025-04-14 19:34:00,fruit,190
2025-04-14 19:35:00,spices,190
2025-04-14 19:36:00,checkout,190
2025-04-14 19:45:00,entrance,191
2025-04-14 19:46:00,spices,191
2025-04-14 19:47:00,drinks,191
2025-04-14 19:48:00,drinks,191
2025-04-14 19:49:00,checkout,191
2025-04-14 19:59:00,entrance,192
2025-04-14 20:00:00,fruit,192
2025-04-14 20:01:00,fruit,192
2025-04-14 20:02:00,spices,192
2025-04-14 20:03:00,dairy,192
2025-04-14 20:04:00,checkout,192
2025-04-14 20:24:00,entrance,193
2025-04-14 20:25:00,spices,193
2025-04-14 20:26:00,spices,193
2025-04-14 20:27:00,spices,193
2025-04-14 20:28:00,spices,193
2025-04-14 20:29:00,dairy,193
2025-04-14 20:30:00,dairy,193
2025-04-14 20:31:00,checkout,193
2025-04-14 20:36:00,entrance,194
2025-04-14 20:37:00,spices,194
2025-04-14 20:38:00,spices,194
2025-04-14 20:39:00,spices,194
2025-04-14 20:40:00,spices,194
2025-04-14 20:41:00,drinks,194
2025-04-14 20:42:00,checkout,194
2025-04-14 20:50:00,entrance,195
2025-04-14 20:51:00,fruit,195
2025-04-14 20:52:00,fruit,195
2025-04-14 20:53:00,checkout,195
2025-04-14 21:14:00,entrance,196
2025-04-14 21:15:00,spices,196
2025-04-14 21:16:00,dairy,196
2025-04-14 21:17:00,dairy,196
2025-04-14 21:18:00,dairy,196
2025-04-14 21:19:00,dairy,196
2025-04-14 21:20:00,spices,196
2025-04-14 21:21:00,spices,196
2025-04-14 21:22:00,drinks,196
2025-04-14 21:23:00,drinks,196
2025-04-14 21:24:00,drinks,196
2025-04-14 21:25:00,drinks,196
2025-04-14 21:26:00,fruit,196
2025-04-14 21:27:00,fruit,196
2025-04-14 21:28:00,drinks,196
2025-04-14 21:29:00,drinks,196
2025-04-14 21:30:00,drinks,196
2025-04-14 21:31:00,drinks,196
2025-04-14 21:32:00,spices,196
2025-04-14 21:33:00,checkout,196
2025-04-14 21:16:00,entrance,197
2025-04-14 21:17:00,fruit,197
2025-04-14 21:18:00,dairy,197
2025-04-14 21:19:00,dairy,197
2025-04-14 21:20:00,dairy,197
2025-04-14 21:21:00,fruit,197
2025-04-14 21:22:00,dairy,197
2025-04-14 21:23:00,spices,197
2025-04-14 21:24:00,spices,197
2025-04-14 21:25:00,dairy,197
2025-04-14 21:26:00,fruit,197
2025-04-14 21:27:00,fruit,197
2025-04-14 21:28:00,dairy,197
2025-04-14 21:29:00,spices,197
2025-04-14 21:30:00,spices,197
2025-04-14 21:31:00,dairy,197
2025-04-14 21:32:00,dairy,197
2025-04-14 21:33:00,checkout,197
